Gender,Department,Experience_Level
0.9128630705394191,,
0.9333333333333333,,
0.9213973799126638,,
,0.9310344827586207,
,0.9423076923076923,
,0.9142857142857143,
,0.8962264150943396,
,0.9081632653061225,
,,0.8795180722891566
,,0.914572864321608
,,0.9357798165137615
